age,income,employment_length,utility_payment_score,social_media_score,psychometric_score,smartphone_usage_score,default
5,58938,11,0.0,0.0,1.0,0.5721257176083903,1
50,21522,9,0.0,0.0,1.0,0.0,0
28,34308,8,1.0,0.0,1.0,0.0,0
26,45447,11,0.0,0.0,1.0,1.0,1
0,34512,0,1.0,0.0,1.0,1.0,0
10,49880,0,1.0,0.0,0.5345909921902042,0.4472521554922508,0
30,55373,2,1.0,0.0,1.0,1.0,0
50,33743,11,0.15929682576234594,0.0,1.0,1.0,0
37,39883,16,0.3394914366630002,0.3602859598860686,1.0,0.5867973779847261,0
15,45346,0,0.7362249549177562,0.0,0.511686716110672,0.0,0
29,73520,0,1.0,0.0,0.0,0.0,0
10,54000,1,0.9485894228187881,0.0,1.0,0.7589443197586707,0
11,41183,0,0.3960673392797116,0.0,1.0,0.0,0
38,47930,3,1.0,0.0,1.0,0.4935160352028785,0
75,45567,9,1.0,0.0,1.0,0.0,0
64,59414,11,1.0,0.0,0.0,0.0,1
-15,70130,13,0.21761421217774024,0.0,0.0,0.8752900534165288,1
24,38285,0,1.0,0.0,0.9914945821707596,0.47255739938382246,0
5,38415,0,0.0,0.0,1.0,0.0,0
22,53907,0,0.8294900864736602,0.0,1.0,0.0,0
6,77154,0,1.0,0.0,1.0,0.622932269811964,0
10,50953,0,1.0,0.0,0.6466389790565985,1.0,0
57,42135,7,1.0,0.0,1.0,1.0,0
47,36175,11,1.0,0.0,1.0,0.0,0
29,44859,4,1.0,0.0,1.0,0.0,0
25,62790,15,0.0,0.0,0.0,1.0,1
51,21420,11,1.0,0.38890468495753594,0.0,0.0,1
73,57654,6,1.0,0.0,1.0,0.0,0
22,33026,2,1.0,0.0,0.3770431056265984,1.0,0
34,70945,12,0.0,0.0,1.0,1.0,1
44,68358,8,1.0,0.0,1.0,0.0,0
22,59811,0,0.9443731296173095,0.0,1.0,0.0,0
54,43986,9,1.0,0.0,1.0,0.0,0
69,30882,8,1.0,0.0,1.0,0.8491426059321912,0
-3,46370,6,0.0,0.0,0.0,0.0,1
43,48532,9,1.0,0.0,0.0,0.0,1
42,37415,12,0.0,0.0,0.0,0.23069731833443458,1
5,41363,0,0.0,0.0,1.0,1.0,0
94,42900,2,1.0,0.0,1.0,0.4437392912698055,0
-1,21624,0,0.0,0.0,0.10071085612747255,0.0,0
51,45804,5,1.0,1.0,0.0,0.0,1
24,54283,0,0.0,0.0,0.0,0.0,0
4,55782,0,0.6302299073273365,0.0,0.16060397114597835,0.6131740018915679,0
73,42448,7,1.0,0.0,1.0,0.0,0
9,35073,0,1.0,0.0,0.0,0.492239464464855,0
41,62393,10,0.0,0.0,1.0,0.9533975332379796,0
71,52517,6,1.0,0.0,1.0,0.0,0
44,25928,11,0.8769897256715823,0.0,1.0,0.0,0
32,68341,6,1.0,0.0,1.0,0.539401988209408,0
59,37813,9,0.7687312047266206,0.0,1.0,0.06225985632933222,0
6,59975,0,1.0,0.0,1.0,0.6696226323802841,0
66,52100,14,0.0,0.7979707668625603,0.0,0.0,1
12,48330,8,0.0,0.0,1.0,1.0,1
-40,15109,8,0.0,0.0,1.0,1.0,1
52,40750,10,0.5010667875331047,0.0,1.0,0.0,0
36,58390,8,1.0,0.4400431585876232,0.0,0.0,1
46,43735,9,0.0,0.0,0.741781707181337,0.44162864841891597,0
58,50928,12,0.9387799621615944,0.09166715132326453,1.0,0.7353411541977961,0
35,56390,9,1.0,0.0,1.0,0.7186526282557465,0
56,61584,11,1.0,0.004945938015957552,0.0,0.0,1
35,67979,2,1.0,0.0,0.0,1.0,0
0,40086,0,0.601984318463215,0.0,1.0,0.5772483723755298,0
27,48715,5,1.0,0.0,1.0,0.6517110765969125,0
10,31511,0,0.7663834746105713,0.0,0.0,0.4622624644542042,0
8,48192,0,0.0,0.0,1.0,0.46644580083980597,0
11,39628,0,0.5827468440269017,0.0,1.0,1.0,0
53,28458,6,1.0,0.0,1.0,1.0,0
21,32306,5,1.0,0.0,1.0,1.0,0
9,34481,0,0.0,0.0,1.0,0.0,0
57,46217,10,1.0,0.0,1.0,0.3982209514202937,0
45,-3082,10,0.40422569012624954,0.0,1.0,1.0,0
11,61975,9,0.0,0.0,1.0,0.0,1
23,50460,3,0.0,0.0,0.0,1.0,1
70,49874,17,1.0,1.0,1.0,0.0,0
58,51095,4,1.0,0.0,0.8842199248172707,0.0,0
31,77987,3,1.0,1.0,0.0,0.0,1
55,33415,6,1.0,1.0,0.0,0.6622033339461874,1
59,49627,13,1.0,0.0,1.0,0.2608231676775328,0
4,67393,0,1.0,0.0,1.0,0.0,0
26,51947,8,0.8007262923328197,0.0,0.8989245331035213,0.3131117685738916,0
84,33902,3,1.0,0.0,1.0,0.6596997699307984,0
60,69779,1,1.0,0.0,0.8193197794917,0.07486130625002908,0
16,77801,14,0.0,0.0,1.0,0.0,0
46,81281,11,0.0,0.0,0.0,0.8704491697413075,1
44,63724,10,0.9406641722749173,0.0,1.0,0.33653838187097995,0
6,56855,0,0.7975099072497795,0.0,1.0,0.4029445735036032,0
68,50084,20,0.0,0.0,0.0,0.0,1
49,32277,7,1.0,0.0,0.8742444295598251,1.0,0
0,44065,2,1.0,0.0,1.0,0.0,0
44,41309,12,1.0,1.0,0.0,0.0,1
18,63946,3,1.0,0.0,1.0,0.0,0
17,18060,2,1.0,0.0,1.0,0.0,0
29,41774,10,1.0,0.0,0.0,0.0,1
37,62063,11,0.3421381691860603,0.0,1.0,0.6426567318548759,0
55,54890,9,1.0,1.0,0.0,0.0,1
61,66287,9,1.0,0.0,1.0,0.0,0
66,36968,9,1.0,0.0,1.0,0.0,0
13,23023,1,1.0,0.0,1.0,0.0,0
46,47948,10,0.9783831680034849,0.0,1.0,0.0,0
20,24771,1,1.0,0.0,1.0,0.6170630447352031,0
51,57292,1,1.0,1.0,0.0,0.0,0
45,60003,9,1.0,0.0,1.0,0.588500786261195,0
50,33402,10,0.6671529754218719,0.0,0.505571134045019,0.0,0
35,43939,14,0.0,0.0,1.0,0.0,1
49,58232,4,1.0,0.0,0.11067927832101243,0.0,0
44,67541,9,0.0,0.0,0.5645543986764995,0.0,0
46,29233,8,0.8747160039730911,0.0,1.0,0.0767629503307216,0
-5,62547,10,0.0,0.0,0.0,0.0,1
68,33806,13,1.0,0.6769802432526411,1.0,0.6772085213501834,0
3,28797,0,1.0,0.0,1.0,0.0,0
14,50166,0,0.0,0.0,0.72732060927328,0.5011712644886682,0
6,47810,2,1.0,0.0,1.0,0.0,0
62,41694,9,1.0,0.0,1.0,0.0,0
58,18805,7,1.0,0.0,0.5007743704354002,0.6098290776634929,0
18,41128,6,0.0,0.0,1.0,0.0039612809245876,1
15,39345,6,0.0,0.0,1.0,0.0,1
37,62936,14,1.0,0.0,1.0,0.0,0
10,55584,0,0.5879875642837298,0.0,1.0,1.0,0
15,51626,0,0.5059263016462512,0.0,1.0,0.0,0
29,33603,15,0.0,0.0,1.0,1.0,0
7,58409,0,1.0,0.0,1.0,0.0,0
54,61669,6,1.0,0.0,1.0,0.0,0
33,23629,12,0.0,0.0,1.0,0.0,0
18,51819,0,1.0,0.0,1.0,0.0,0
72,43899,5,1.0,0.0,1.0,1.0,1
28,54635,6,1.0,0.0,1.0,0.15773520761168094,0
25,50770,15,0.0,0.0,1.0,0.6787426017187439,0
72,40727,11,1.0,0.8394193378463108,1.0,1.0,0
27,61994,5,1.0,0.0,0.8284536898824649,0.0,0
14,86914,11,0.0,0.0,1.0,0.0,1
61,58126,7,0.8958489134329156,0.0,0.6777219727368985,0.0,0
53,74884,5,1.0,0.0,0.0,0.0,1
18,64894,0,0.7866404072414339,0.0,0.0,0.0,0
54,55087,9,1.0,0.0,1.0,0.0,0
77,47860,16,0.7129327850083355,0.4619619851371506,0.17016625853464173,0.0,1
29,44859,6,1.0,0.0,1.0,0.04056454809536032,0
-4,44623,0,0.0,0.0,0.7028932371317697,0.0,0
57,36560,13,0.0,1.0,0.0,0.3348944417522922,1
24,38569,9,0.0,0.0,1.0,0.0,1
69,41192,6,1.0,0.0,0.5110263006917817,0.08595738801721546,0
56,79249,9,1.0,0.0,1.0,1.0,0
-19,48190,8,0.0,0.0,1.0,0.0,1
8,31324,0,0.0,0.0,1.0,0.0,0
54,53681,12,1.0,0.0,0.0,0.39844804551200075,1
56,40275,12,1.0,1.0,0.0,0.1343281002678751,1
20,52117,1,1.0,0.0,0.0,0.3957354624650479,0
49,25581,10,0.0,0.0,0.7747757546398686,0.6473326855134786,0
10,42515,12,0.0,0.0,0.0,0.0,1
5,65857,13,0.0,0.0,1.0,0.32843299058154907,1
56,54883,10,0.0,0.0,1.0,0.43782376624357244,1
60,45276,3,1.0,0.0,1.0,0.6291750910507029,0
49,66674,10,1.0,0.0,1.0,1.0,0
48,44799,8,0.9003365645272111,0.0,1.0,0.0,0
16,43914,2,1.0,0.0,1.0,0.7394094886164625,1
16,34618,0,0.0,0.0,1.0,0.0,0
38,59614,3,1.0,0.0,0.07670092376523518,0.0,0
60,52268,5,1.0,0.0,0.7569638022486761,0.8569962449162634,0
42,30884,8,0.19631178594316068,0.0,1.0,0.29703947087987503,0
87,45044,6,1.0,0.0,1.0,0.0,0
43,41958,9,0.8579681433917369,1.0,0.0,0.0,1
-12,59176,11,0.0,0.0,1.0,0.0,1
48,28292,7,1.0,1.0,0.0,0.0,1
27,51519,4,0.0,0.0,0.0,0.44339795063605675,1
-6,6735,0,0.0,0.038955541271230576,1.0,0.0,0
28,50626,9,1.0,0.0,1.0,0.0,0
13,39723,3,1.0,0.0,1.0,0.34669762850166363,0
48,47048,14,0.2992184682715693,0.6231947079892444,1.0,0.8773505067396974,0
65,49163,8,1.0,0.0,1.0,0.11544263616427654,0
72,50137,6,1.0,0.0,1.0,0.0,0
32,37472,10,0.0,0.0,1.0,0.3913375808446224,1
60,44768,7,1.0,0.0,1.0,0.0,0
41,44990,13,0.555288682808154,0.0,1.0,0.2128198468830529,0
43,52527,11,0.8267450918478159,0.0,1.0,0.0,0
43,35371,10,1.0,0.3917891343498261,0.0,1.0,1
27,44913,4,1.0,0.0,1.0,0.0,0
13,57270,0,0.0,0.0,0.0,0.0,0
0,33327,0,1.0,0.0,1.0,0.0,0
59,17393,4,1.0,0.0,1.0,1.0,0
43,33187,7,0.5414526945659147,0.0,0.8851467653439293,0.05658018930545408,0
44,41998,6,1.0,1.0,0.0,1.0,1
18,79615,16,0.0,0.0,1.0,0.0,0
42,39885,7,1.0,0.0,0.9294077986802055,0.0,0
4,51220,4,1.0,0.0,1.0,0.0,0
25,62958,6,0.0,0.0,1.0,0.0,1
41,20627,8,0.8533041019372916,0.0,1.0,0.0,0
14,57743,0,1.0,0.0,1.0,0.5823769459527517,0
32,32973,2,0.4172204458978206,0.0,0.2297561253403957,0.23286061196457572,0
58,61927,17,0.9028919461306506,0.0,0.0,0.6029641034412616,1
17,32953,0,0.5903860333992993,0.0,1.0,0.5970725610113586,0
28,42854,0,1.0,1.0,0.0,0.055042557281043424,1
16,49947,6,0.0,0.0,1.0,0.0,1
19,57596,0,0.5590599033915704,0.0,0.0,0.9079991561824573,0
54,60740,6,1.0,0.0,1.0,0.0,0
15,69386,0,0.0,0.0,0.0,0.0,0
59,53862,7,1.0,0.0,1.0,0.0,0
15,85574,7,0.0,0.0,1.0,0.11159971690151374,1
43,45966,10,0.6577005945101506,0.0,1.0,0.0,0
80,54928,16,0.0,0.9428518151826893,0.0,0.0,1
39,80797,3,1.0,1.0,0.0,0.0,1
4,44343,0,1.0,0.0,1.0,0.0,0
35,71062,8,0.8117984552173373,0.0,1.0,0.0,0
54,42765,8,1.0,0.0,1.0,0.0,0
36,56232,3,1.0,1.0,0.0,0.0,1
56,55852,19,0.26219128070759123,0.0,0.0,0.7506927951289866,1
28,69072,2,1.0,0.0,0.4369068402231402,0.9502571938685426,0
52,56648,6,1.0,0.0,0.6562191434642489,0.0,0
3,42505,0,0.0,0.0,1.0,0.5173372946836405,0
17,38147,0,0.45712616695802066,0.0,0.0,0.20441437150141376,0
36,63796,6,1.0,0.0,1.0,0.0,0
25,57909,9,0.0,0.0,1.0,0.0,1
10,44835,0,1.0,0.0,1.0,1.0,0
2,55054,1,1.0,0.0,1.0,1.0,0
42,52751,5,0.9671612094848737,0.0,0.3559631477215339,0.0,0
33,60665,10,0.0,0.0,0.0,0.0,1
42,53162,12,1.0,0.0,0.21642682375935762,0.0,0
39,25922,9,0.0,0.0,1.0,0.0,1
14,44538,0,1.0,0.0,0.7586222630968973,0.0,0
26,55022,11,0.4703805939333221,0.0,1.0,0.0,0
57,45610,2,1.0,0.0,0.18184766552000986,0.0,0
50,41084,17,0.37766084542727696,0.0,0.0,1.0,1
25,71894,3,1.0,0.0,1.0,0.2099726215246312,0
45,81050,8,0.4602926479482061,0.0,0.5465142950103288,1.0,0
78,52607,2,1.0,0.0,0.4780826100548339,0.0,0
33,58082,9,0.26533426968062535,0.0,1.0,0.0,0
46,61900,8,0.9315090756623444,0.0,1.0,0.0,0
72,64221,6,1.0,0.0,1.0,0.0,0
12,43654,9,0.0,0.0,1.0,0.0,1
86,31940,7,1.0,0.0,1.0,0.0,0
99,55001,3,1.0,0.0,1.0,0.10175105077163865,0
78,80542,11,1.0,1.0,1.0,0.8403568239355511,0
21,47372,1,1.0,0.0,1.0,0.0,0
16,58738,0,0.43336207359395007,0.0,0.3611731858119229,1.0,0
20,28212,0,1.0,0.0,1.0,0.40146414186699486,0
16,42634,2,0.7220065879461068,0.0,0.6107493983670389,0.0,0
27,64900,0,1.0,0.0,1.0,0.0,0
63,23678,11,0.9491605334454494,0.0,1.0,0.0,0
18,54448,0,0.9479619643041332,0.0,1.0,0.0,0
13,34684,0,0.0,0.0,1.0,0.6652715062900945,0
32,36735,7,0.1506312249313131,0.0,0.0,0.02479863462860666,0
-9,65022,16,0.0,0.0,1.0,0.0,1
33,68787,7,0.0,0.0,0.0,0.0,1
46,29218,9,1.0,0.029804296063657088,1.0,1.0,0
24,33691,3,0.0,0.0,0.86080208671417,0.6906305697567595,0
18,38205,0,0.0,0.0,0.9430273715158455,1.0,0
52,44325,10,1.0,0.44152363886965884,0.0,0.0,1
27,52084,4,0.0,0.0,1.0,0.0,1
3,29441,0,0.23817359147390138,0.0,1.0,0.0,0
61,34765,10,0.25187353334711093,1.0,0.0,0.09636924005999573,1
16,67931,0,0.08015672007347452,0.0,0.8925503143999852,0.0,0
54,64509,9,1.0,0.0,1.0,0.0,0
38,53419,7,1.0,1.0,0.0,0.7062309747670698,1
16,42391,10,0.0,0.0,0.0,0.0,1
23,55699,0,1.0,0.0,1.0,0.0,0
81,37437,5,1.0,0.0,1.0,0.11965930451893353,0
59,36958,6,1.0,0.0,0.6332357447226509,0.3985640658920072,0
56,25832,8,1.0,0.0,1.0,0.3609860825370816,0
83,60080,10,1.0,1.0,1.0,0.0,0
63,59280,13,1.0,0.5696216250450292,1.0,0.5117789786504942,0
47,64408,14,1.0,0.0,0.0,0.0,1
22,42652,0,0.0,0.0,0.3879727920370173,0.4768135950246047,0
13,50673,0,0.42522376808339235,0.0,0.5483108312501778,0.0,0
46,73686,6,1.0,0.39921968931712315,0.0,0.22525845349509843,1
12,56103,0,0.33672532327535887,0.0,1.0,0.2401144977218622,0
28,39596,10,0.0,0.0,0.09175903410965147,0.11831114811666943,1
4,24497,0,0.0,0.0,1.0,0.9690405516353497,0
12,37091,0,0.04787797668070115,0.0,0.0,0.5723852323079027,0
54,46035,4,1.0,0.0,0.5385007602321727,1.0,0
24,46168,0,0.0,0.0,0.0,0.0,0
60,69204,4,1.0,1.0,0.0,0.7388232834503655,1
-3,60104,11,0.0,0.0,0.0,0.0,1
15,34482,3,1.0,0.0,1.0,0.0,0
18,23581,7,0.0,0.0,0.6486408720623846,0.0,1
23,49480,2,0.6181840725167387,0.0,0.0,0.5032602265255054,0
23,55809,7,1.0,0.0,1.0,1.0,0
6,36869,0,0.31111427056671315,0.0,1.0,0.0,0
54,75005,15,1.0,1.0,1.0,0.0,0
18,77172,4,1.0,0.0,1.0,0.0,0
17,65904,7,0.0,0.0,0.8074578500040741,0.0,1
8,51906,11,0.0,0.0,1.0,0.7407563785031073,1
66,51780,6,1.0,0.0,1.0,0.0,0
53,52540,7,1.0,0.0,1.0,1.0,0
53,15058,12,0.4265555648445931,0.0,1.0,0.030747583087498632,0
38,57526,11,1.0,0.0,1.0,0.22441720794411618,0
36,35356,12,0.0,0.0,1.0,0.0,0
39,60087,4,1.0,1.0,0.0,0.2921972948833408,1
71,50128,9,1.0,0.0,0.8787962487613886,0.0,0
50,52951,4,1.0,0.0,0.9210774845309104,0.0,0
50,31957,21,0.4549519724025679,1.0,0.0,0.0,1
16,65542,0,0.0,0.0,0.0,0.0,0
65,32242,4,1.0,0.0,1.0,0.0,0
23,59778,0,1.0,0.0,0.7156616909465244,0.0,0
55,39921,8,1.0,0.0,0.8075308663556904,0.057602226005241515,0
46,34547,5,1.0,0.0,0.9259459594766892,0.0,0
55,40329,8,1.0,0.0,1.0,0.0,0
85,68446,3,1.0,0.0,1.0,0.0,0
18,37651,0,1.0,0.0,0.0,1.0,0
59,43779,16,0.7285660411012368,1.0,0.0,0.0,1
22,62333,4,1.0,0.0,1.0,1.0,0
48,52686,10,1.0,0.0,1.0,0.9917503454465558,0
68,51660,8,1.0,0.0,1.0,0.0,0
20,33106,13,0.0,0.0,0.6997184679468434,0.0,0
61,18037,8,1.0,0.0,1.0,0.6196889216121123,0
0,56376,0,1.0,0.0,1.0,0.6164221048147337,0
44,71844,10,0.0,0.0,1.0,0.0,0
17,46568,0,1.0,0.0,1.0,1.0,0
12,26307,0,1.0,0.0,0.7628332894955117,1.0,0
40,34626,11,1.0,0.0,1.0,0.07541774261246036,0
17,56922,5,0.0,0.0,1.0,0.0,1
71,43943,11,1.0,1.0,0.0,0.0,1
11,42127,4,1.0,0.3823767771146991,1.0,0.0,0
76,63097,6,1.0,0.0,1.0,0.0,0
72,43880,5,1.0,0.0,1.0,0.9088124113499689,0
11,30489,0,0.0,0.2704309609356521,1.0,0.7293118165382786,0
8,53033,0,1.0,0.035137749724381884,1.0,0.0,0
54,60147,20,0.0,0.0,0.005531486510417238,0.9714218648162062,1
49,39827,16,0.025498027336253948,0.7415279016673458,0.0,0.7462485394318988,1
-21,58833,11,0.0,0.0,1.0,0.0,1
-21,62095,6,0.0,0.0,1.0,0.0,1
71,76590,11,1.0,1.0,0.0,0.0,1
35,41509,4,1.0,0.0,0.2841260591757555,0.3160681424016309,0
14,36761,10,0.0,0.0,1.0,0.0,1
30,56391,10,0.9520910401497604,0.0,1.0,0.5205018830769746,0
51,62389,1,1.0,1.0,0.0,0.7616721862950018,1
8,23894,6,1.0,0.0,1.0,0.8955255374169739,0
-3,59619,0,1.0,0.0,1.0,0.0,0
45,31248,12,1.0,0.0,1.0,0.0,0
80,44087,4,1.0,0.0,1.0,0.7600229424410339,0
52,39104,11,0.9690089430393712,0.0,0.0,0.50997691724033,1
56,55393,11,1.0,0.0,1.0,0.41857288599115444,0
17,49110,2,1.0,0.0,1.0,0.6961362419695681,0
72,62236,10,1.0,0.0,1.0,0.0,0
2,29959,0,0.7314748128858146,0.0,0.9173182479723926,0.010636268348681152,0
13,39532,0,0.0,0.0,0.3643924653361674,0.0,0
42,42429,3,1.0,0.0,0.5929814982580796,0.0,0
13,66472,10,0.0,0.0,1.0,0.0,1
27,35174,2,0.7506606509634356,0.0,0.9329719769909107,0.3438678131479371,0
12,56316,1,0.9578244044760255,0.0,0.8552486979436184,0.0,0
47,24242,3,1.0,1.0,0.0,0.0,1
9,29056,0,0.0,0.0,1.0,0.9566228117354912,0
46,58728,10,0.7300511505813073,0.0,1.0,1.0,0
51,33530,10,1.0,0.022329552956524168,0.0,0.0,1
47,44347,9,1.0,0.0,1.0,0.5146715543882296,0
30,73240,8,0.2787682361838959,0.0,1.0,0.749013955074131,0
3,23411,0,1.0,0.0,1.0,0.0,0
21,26592,0,0.9246272507189242,0.0,0.504963831788943,0.0,0
25,50325,4,1.0,0.0,1.0,0.02846344841915499,0
15,41130,0,0.1592415442400983,0.0,0.1430393522676292,0.0,0
17,56696,1,1.0,0.0,1.0,0.9082221265959503,0
11,47866,0,0.0,0.0,0.0,0.0,0
28,54771,7,0.0,0.0,1.0,0.0,1
3,28622,0,0.5492184765276812,0.0,0.781430369526078,0.624287956648842,0
67,21979,4,1.0,0.0,0.8177620093288717,0.0,0
50,11799,11,0.7930297274139105,0.0,1.0,0.0,0
11,48723,3,1.0,0.0,1.0,0.23125774718408365,0
18,47827,1,1.0,0.0,0.0,1.0,0
-9,45233,13,0.0,0.0,0.0,0.0,1
49,71356,8,1.0,0.0,1.0,0.0,0
10,56841,7,0.0,0.0,1.0,0.3528336431526199,1
38,35504,3,1.0,0.0,0.21403925928169532,0.0,0
51,44056,4,1.0,0.0,0.0,0.0,0
30,64752,4,1.0,0.0,0.42013781265845207,0.2233023395522055,0
23,43964,2,1.0,0.0,1.0,0.0,0
47,31192,9,0.16801865702602203,0.0,1.0,0.3055643843570512,0
12,49755,0,0.6160707006395771,0.0,1.0,0.0,0
8,64291,5,0.0,0.0,1.0,0.0,1
8,32081,9,0.0,0.0,0.0,0.0,1
37,68416,0,1.0,1.0,0.0,0.0,1
32,43202,6,1.0,0.0,1.0,0.0,0
11,77389,11,0.0,0.0,1.0,0.2933435419272292,1
15,48248,0,1.0,0.0,1.0,0.03438182225793511,0
45,45486,10,0.0,0.0,0.900320869914034,0.0,0
56,39621,8,1.0,1.0,0.0,1.0,1
57,76054,2,1.0,1.0,0.0,0.0,1
77,65542,5,1.0,0.0,1.0,1.0,0
72,15283,8,1.0,0.0,0.9534116863041111,1.0,0
4,48591,0,1.0,0.0,1.0,0.10653496705378047,0
45,64551,8,0.7746204129906882,0.0,1.0,0.0,0
52,55764,6,1.0,0.0,0.8554125833793864,0.0,0
45,67876,16,0.0,1.0,1.0,0.0,0
57,41675,8,0.0,0.0,1.0,0.0,1
42,73582,3,1.0,1.0,0.0,1.0,1
52,54175,0,1.0,1.0,0.0,1.0,1
0,65795,0,1.0,0.0,1.0,0.19490720526237576,0
50,70360,4,1.0,0.0,1.0,0.2769945204271254,0
44,16180,12,1.0,0.0,1.0,0.6141129671981066,0
8,34036,0,0.0,0.0,1.0,1.0,0
56,53393,17,0.0,0.0,0.0,0.0,1
-1,56947,0,0.7698323596038071,0.0,1.0,1.0,0
11,60756,2,0.4060641891902219,0.0,1.0,0.0,0
17,73185,0,0.4180647361046341,0.0,0.0,0.0,0
26,43931,1,1.0,0.0,0.15525697431933327,0.39311465605803403,0
14,52633,9,1.0,0.0,1.0,0.7983480513491078,0
38,46960,9,0.4902443818876647,0.0,0.0,0.0,1
61,61323,8,1.0,0.0,1.0,0.4901815174907414,0
42,36732,8,1.0,0.0,1.0,0.0,0
28,55782,2,0.7766215753679621,0.0,0.13321709294897377,0.0,0
36,66973,16,0.0,0.7217533113435679,1.0,0.0,0
12,58024,11,0.0,0.0,1.0,0.0,1
18,36136,0,0.0,0.0,0.0,0.972911070368237,0
21,56160,0,0.0,0.0,0.0,1.0,0
21,61035,0,1.0,0.0,1.0,0.03400925486107758,0
77,53397,8,1.0,0.0,1.0,0.46005434144644425,0
56,40673,9,1.0,0.0,1.0,0.25442645742672076,0
74,55627,12,1.0,0.7472046784576958,1.0,1.0,0
42,73174,9,1.0,0.0,1.0,0.0,0
20,24974,2,1.0,0.0,1.0,0.0,0
25,29155,14,0.0,0.0,1.0,0.019205968003691544,0
20,50252,0,0.06858085852319484,0.0,0.0,1.0,0
27,47211,10,0.0,0.0,0.42015780826453586,0.0,0
9,41215,14,0.0,0.0,1.0,0.0,1
55,30642,8,1.0,0.0,1.0,0.0,0
68,13175,9,1.0,0.0167173960267899,1.0,0.0,0
37,59052,5,1.0,1.0,0.0,1.0,1
19,24434,7,0.0,0.0,0.5609348914109931,0.26252801232332496,1
53,38908,2,1.0,0.0,0.5967347766707745,1.0,0
35,73178,10,0.0,0.0,1.0,1.0,1
51,43289,9,1.0,0.0,1.0,1.0,0
62,61529,8,1.0,0.0,1.0,0.0,0
21,75666,1,1.0,0.0,1.0,0.0,0
1,61850,0,1.0,0.0,1.0,0.4667552048385791,0
13,54315,0,0.0,0.0,0.42667093636402575,0.4126650231818217,0
38,50733,10,0.5936797803868434,0.0,1.0,0.7707688064351387,0
16,62400,1,1.0,0.0,0.7827921479988035,0.0,0
71,46241,6,1.0,0.0,1.0,0.4565023351677955,0
33,34397,3,1.0,1.0,0.0,0.0,1
30,13070,2,1.0,1.0,0.0,0.0,1
-2,43865,0,0.0,0.0,1.0,0.37448557759128565,0
80,52119,10,0.7057811917971315,1.0,0.0,0.6625625498799194,1
93,65917,3,1.0,0.0,0.9649945943056415,0.4833248272528027,0
14,71095,0,0.6401375387909188,0.0,0.9826829287033769,0.5052110240856904,0
13,78212,0,0.19388488074294852,0.0,0.3150114517077218,0.0,0
32,58968,10,0.022871705148348465,0.0,0.9663115279140899,0.04109638193320572,0
41,74272,8,1.0,0.0,1.0,0.33121927873852836,0
18,35060,0,0.08488006849182672,0.0,0.30595830285409287,0.23776116459489285,0
41,37171,9,0.8397664220970171,0.0,1.0,1.0,0
75,52966,9,1.0,0.23155897932409708,1.0,1.0,0
9,53313,0,0.0,0.0,0.7176270026869981,0.0,0
0,48241,6,0.0,0.3260902188998662,1.0,0.5925337195872442,1
9,88484,7,0.0,0.0,0.0,0.9802629527216836,1
10,51155,5,0.0,0.0,1.0,0.05236289720326249,1
64,61498,7,1.0,0.0,1.0,0.215220732950218,0
31,40389,3,1.0,0.0,0.9819049157316575,0.0,0
8,57199,0,1.0,0.0,1.0,1.0,0
32,63248,3,1.0,0.0,0.9535493849611109,0.0,0
45,49813,8,1.0,0.0,0.721137806844087,0.6450378554489973,0
48,58018,12,1.0,0.0,0.0,0.0,1
25,55656,8,0.0,0.0,0.7544692576521311,0.0,0
26,41782,9,0.0,0.0,0.3238995741796691,0.0,1
33,48554,3,1.0,0.0,0.0,0.8809151690332453,0
75,39966,3,1.0,0.0,1.0,0.9118317785133704,0
42,58887,6,1.0,0.0,0.7042252047979208,0.00397495651718248,0
75,24663,9,1.0,1.0,0.0,0.0,1
-20,55265,8,0.0,0.0,1.0,0.7027256732712895,1
28,52766,5,1.0,0.0,1.0,0.0,0
27,44831,5,1.0,0.0,1.0,0.0,0
14,61310,2,1.0,0.0,0.0,0.0,0
34,78575,17,0.0,0.0,1.0,0.7968048330570654,1
41,49619,6,1.0,0.0,0.7937749679919429,0.0,0
54,42764,7,1.0,1.0,0.0,0.0,1
17,64608,0,1.0,0.0,1.0,0.08823575388594865,0
37,34393,6,1.0,0.0,0.43759000111389823,0.0,0
5,48729,1,0.2413684144497832,0.0,1.0,0.14376464310858494,0
34,43153,4,0.0,0.0,1.0,0.0,1
48,62083,13,1.0,0.0,1.0,0.03249986288786191,0
6,48724,2,1.0,0.0,1.0,1.0,0
20,65337,1,1.0,0.0,0.7369383311746311,0.0,0
85,68365,7,1.0,0.0,1.0,0.8227173745004389,0
23,42621,2,1.0,0.0,1.0,0.0,0
35,51852,10,0.0,0.0,1.0,0.23005561154550086,1
53,57043,0,1.0,1.0,0.0,0.10103348798279618,1
60,48583,16,0.8873153576003611,0.0,0.0,0.0,1
52,47452,10,0.7054787124926472,0.0,1.0,0.0,0
54,21920,10,0.8499110270722989,0.4942783201093486,0.0,0.0,1
11,43305,0,0.6860024190577015,0.0,1.0,0.6589541347810364,0
12,68142,2,0.0,0.0,1.0,0.08910076670387657,1
20,37404,8,0.0,0.0,1.0,0.0,1
16,70106,9,0.0,0.0,1.0,1.0,1
20,77249,0,0.6952339418825881,0.0,1.0,0.032254229060957,0
70,33597,10,0.0,1.0,0.0,0.0,1
7,34752,0,1.0,0.3326910578572644,1.0,0.0,0
81,29425,7,1.0,0.0,1.0,0.0,0
18,38796,0,1.0,0.0,0.0,0.0,0
53,53141,13,1.0,1.0,0.0,1.0,1
26,74680,1,1.0,0.0,0.6817637537237771,0.723348218864005,0
1,26788,0,1.0,0.0,1.0,0.13883208271781333,0
26,73497,7,1.0,0.0,1.0,0.0,0
22,38272,0,0.660045684550276,0.0,0.0,0.0,0
62,79349,6,1.0,1.0,0.0,0.1378957758749067,1
3,45098,3,1.0,0.0,1.0,0.9026602893824857,0
55,50458,11,1.0,0.0,1.0,0.0,0
14,17700,0,0.8287280944025335,0.0,1.0,0.29026080540354937,0
31,61181,9,0.0,0.0,0.9235283940181869,0.16343176058713194,0
15,52923,0,1.0,0.0,0.3712881378684305,0.0,0
44,38797,12,0.0,0.0,1.0,0.9738462572598192,0
58,49602,10,1.0,0.0,1.0,0.0,0
10,70359,1,1.0,0.0,1.0,0.9660407980573626,0
25,46385,1,0.7971879353655539,0.0,1.0,1.0,0
35,45296,5,0.0,0.236345824038934,1.0,1.0,1
35,42118,11,0.18831033477098402,0.0,1.0,0.0,0
21,69268,0,1.0,0.0,1.0,1.0,0
-6,29324,3,0.0,0.0,1.0,0.4106739732747986,1
33,78516,0,0.0,0.0,0.0,0.0,0
44,62162,11,0.22122203512518235,0.0,1.0,0.0,0
6,35915,3,1.0,0.0,1.0,1.0,0
37,45355,10,1.0,0.0,1.0,1.0,0
7,59052,0,0.0,0.0,1.0,0.0,0
63,45959,3,1.0,0.0,1.0,0.6764786687730411,0
22,51840,18,0.0,0.02416822583597744,1.0,0.0,0
76,58447,7,1.0,0.0,1.0,1.0,0
12,41068,0,0.0,0.0,0.9720607306567639,0.0,0
11,72911,0,0.0,0.0,1.0,0.0,0
24,67787,0,1.0,0.0,0.0,0.0,0
34,46074,6,1.0,0.0,0.847812175770499,1.0,0
26,83062,3,1.0,0.0,0.0,0.0,0
20,7205,5,1.0,0.0,0.7191272766238372,1.0,0
24,53153,8,0.0,0.0,1.0,0.0,1
-2,58344,10,0.0,0.0,0.6789254370852023,0.0,1
75,13923,2,1.0,0.0,0.2449553455418909,0.0,0
0,36094,0,0.7047944542623269,0.0,1.0,0.0,0
52,24521,7,1.0,0.0,1.0,0.0,0
40,37779,12,0.30090765902166683,0.0,1.0,0.0,0
-14,54554,11,0.0,0.0,1.0,0.7145306910521688,1
28,86558,12,0.0,0.0,1.0,1.0,0
38,58054,13,0.3799999043105611,0.0,1.0,0.0,0
30,49679,5,0.7396357593371864,0.0,1.0,1.0,0
48,25774,6,1.0,1.0,0.0,0.9956590114287024,1
40,49410,7,1.0,1.0,0.0,0.0,1
26,26309,0,1.0,0.0,1.0,0.0,0
60,34644,17,0.0837035784742779,0.0,0.0,0.0,1
46,47315,13,0.3949459638221955,1.0,0.0,0.0,1
44,60615,16,1.0,0.0,0.0,1.0,1
81,52174,9,1.0,0.0,1.0,0.0,0
20,75712,10,0.0,0.0,0.0,0.0,1
49,58975,13,0.0,0.9315412086101607,0.0,1.0,1
35,49455,4,1.0,0.0,1.0,1.0,0
85,42695,9,1.0,0.0,1.0,0.0,0
59,37356,16,0.5533249260587719,1.0,0.0,0.0,1
1,29472,6,0.0,0.0,1.0,1.0,1
23,26169,6,1.0,0.0,1.0,0.0,0
33,47666,11,0.0,0.0,0.6670464275186878,0.26390311721875853,0
24,52113,0,1.0,0.0,0.43162759780389726,0.26593258631826233,0
53,59753,8,0.028144284368113448,0.0,1.0,1.0,0
52,49511,10,1.0,0.0,1.0,0.0,0
26,41356,1,0.5844468365506803,0.0,0.8036465324218224,0.29953250304321194,0
7,39411,0,1.0,0.0,0.7460292503565819,0.7376259301305024,0
22,44726,8,1.0,0.0,1.0,0.0,0
9,42570,0,1.0,0.0,1.0,0.20451600281122595,0
40,44988,10,0.007401004221208041,0.0,1.0,1.0,0
42,54543,3,1.0,1.0,0.0,0.03372310292137513,1
11,64635,0,1.0,0.0,1.0,0.0,0
20,42337,3,1.0,0.0,1.0,0.0,0
63,14927,10,1.0,1.0,0.0,0.0,1
9,39836,0,1.0,0.0,1.0,0.31445082229065685,0
41,35302,10,0.0,0.0,1.0,0.0,1
44,54102,15,0.0,0.44383754986782087,1.0,0.0,0
2,43097,0,0.5632728948837736,0.0,1.0,0.0,0
71,44261,4,1.0,0.0,1.0,0.0,0
5,52686,0,0.6165782479330787,0.0,1.0,0.7745804977317415,0
9,21990,7,0.0,0.0,1.0,1.0,1
6,46478,5,0.0,0.0,1.0,0.6538332230623791,1
25,60597,1,1.0,0.14336751726856578,1.0,0.0,0
-20,79320,15,0.0,0.0,1.0,0.0,1
17,44760,0,0.0,0.0,1.0,0.0,0
55,49546,2,0.0,0.0,0.0,0.0,0
21,42451,0,0.0,0.0,0.0,0.0,0
42,88105,6,1.0,0.0,0.6889396656621438,0.5900047611044712,0
55,45120,11,1.0,0.0,1.0,0.4861685979665005,0
25,57430,0,1.0,0.0,0.0,0.37140403442303066,0
44,36923,13,0.0,0.0,1.0,0.0,1
46,92502,9,1.0,0.0,1.0,0.0,0
10,33538,0,1.0,0.0,1.0,0.0,0
39,76875,9,1.0,0.4590913352939141,0.0,1.0,1
0,43537,11,0.0,0.0,1.0,0.10748571833141884,1
26,33102,13,0.0,0.0,0.9255814375474278,0.0,1
22,74916,0,0.3285357576529484,0.0,1.0,0.0,0
33,61093,9,1.0,0.0,1.0,0.2905675855886578,0
47,36215,7,0.9574895566559568,0.0,0.8520200279967711,0.44051960638091603,0
21,71219,0,1.0,0.0,1.0,0.0,0
35,49898,6,0.0,0.30537110505823084,0.9047505894169724,0.0,1
36,32349,11,0.31408775376630915,0.0,1.0,0.7980598733523421,0
90,55461,5,1.0,0.0,1.0,0.0,0
10,66396,0,1.0,0.0,0.9852110844745278,0.0,0
80,72586,7,1.0,0.0,1.0,0.0,0
49,60430,11,0.0,0.0,1.0,0.3788336326894784,0
16,65956,3,1.0,0.0,1.0,0.0,0
-1,62521,0,1.0,0.0,1.0,0.0,0
45,79863,8,0.6385725244503662,1.0,0.0,0.5058619098405933,1
17,54008,17,0.0,0.0,1.0,0.0,0
50,91790,9,1.0,1.0,0.0,1.0,1
28,69002,5,1.0,0.0,0.9390264049375203,0.517230050277387,0
40,31652,0,1.0,1.0,0.0,0.9387236162381593,1
-11,50269,10,0.0,0.0,1.0,0.6909252921300084,1
60,67149,13,0.865300947257452,0.6358032743806861,0.0,0.0,0
43,39876,8,1.0,1.0,0.0,0.0,1
73,52394,10,0.3484829834498766,1.0,0.0,0.9958934155892449,1
24,58880,3,1.0,0.0,0.6840984961914327,1.0,0
43,37957,11,0.24965539354052968,0.0,1.0,0.006964223441937532,0
55,53899,9,0.39473082151533334,1.0,0.0,0.0,1
12,39473,0,1.0,0.0,1.0,0.25431562655371026,0
65,46860,6,1.0,0.0,1.0,0.0,0
-15,47886,7,0.0,0.0,0.8957066592382165,1.0,1
74,71582,9,0.7374345739689852,0.0,0.7683089487624392,0.0,0
64,37557,11,1.0,0.0,1.0,0.0,0
20,39559,0,0.0,0.0,0.0,0.5681840033403978,0
57,37687,14,0.37207822312068184,1.0,0.0,0.053212197103539735,1
5,43968,0,1.0,0.0,1.0,0.0,0
59,59882,5,1.0,0.0,0.7045357453846338,0.0,0
69,69832,10,1.0,0.0,0.0,0.0,1
75,44451,2,1.0,0.0,1.0,0.0,0
89,54123,15,1.0,1.0,0.0,0.9815328752991211,1
9,40763,0,0.8603140777884902,0.0,1.0,0.0,0
70,53898,17,1.0,0.0,0.0,0.0,1
9,54474,0,1.0,0.0,1.0,1.0,0
36,48875,14,0.0,0.010341784011925315,1.0,0.0,0
6,71283,14,0.0,0.0,1.0,0.5928122348342872,1
17,45880,4,0.0,0.0,1.0,0.0,1
34,39030,4,1.0,1.0,0.0,0.18010546746541492,1
51,44351,8,0.273971160818111,0.0,0.5074221174525178,0.0,0
35,25149,9,0.3180673721373104,0.0,0.8364016642292075,0.0,0
22,52869,0,1.0,0.0,1.0,0.0,0
46,62883,6,1.0,0.0,0.004148772831978009,1.0,0
24,45386,12,0.0,0.0,1.0,0.011936780181387968,1
56,28070,5,1.0,0.0,1.0,0.0,0
14,46132,8,0.0,0.0,1.0,0.02999423869317595,1
53,42948,10,1.0,0.0,1.0,0.35140666884228294,0
58,38424,9,0.0,0.0,1.0,1.0,1
21,31225,11,0.0,0.0,0.7608730051070908,0.0,1
30,26245,0,0.8274166511974611,0.0,0.3241526382019395,0.0,0
48,74130,3,0.0,0.0,0.0,0.4857158413539969,1
47,44287,4,1.0,1.0,0.0,1.0,1
60,74694,5,0.0,0.0,1.0,0.6778539748410302,1
28,76798,2,1.0,0.0,1.0,0.0,0
11,56470,4,1.0,0.0,1.0,0.029268983904826695,0
15,61543,11,0.0,0.0,1.0,0.0,1
52,46746,14,1.0,0.4974833980289548,0.0,0.0,1
16,41326,10,0.0,0.0,0.1003667850460701,0.9952903995220314,1
15,3191,12,0.0,0.0,1.0,0.0,0
52,-3730,6,1.0,0.0,1.0,0.620148780415464,0
48,65113,9,1.0,0.0,1.0,1.0,0
16,44443,4,1.0,0.0,1.0,0.0,0
41,38638,16,0.0,0.6591260439959115,1.0,0.0,0
-16,74007,0,0.0,0.0,1.0,0.07964268989389676,0
27,32164,5,1.0,0.0,1.0,0.0,0
-21,24560,6,0.0,0.0,0.0,0.0,1
36,43784,12,0.0,0.0,1.0,0.18379937299342966,0
72,69637,18,0.5582563507115554,1.0,0.0,0.0,1
34,49871,10,0.0,0.0,0.8895333555437057,0.0,0
61,40992,10,0.38109747049308695,0.04481641643268319,0.6264020750496698,0.8063654246577088,0
59,24415,11,1.0,0.43012846147540773,0.0,1.0,1
52,45084,10,0.9489495878648294,0.0,1.0,0.0,0
62,43230,0,1.0,0.0,0.0,0.0,0
11,46578,0,0.0,0.0902634549988417,1.0,1.0,0
23,36410,2,1.0,0.0,1.0,0.0,0
26,67738,3,1.0,0.0,1.0,0.0,0
18,26250,2,0.0,0.0,1.0,0.0,0
28,49201,11,0.0,0.0,1.0,0.6837095369080293,0
41,55325,11,1.0,0.0,1.0,0.40795690975064797,0
54,45744,8,1.0,0.0,1.0,0.0,0
50,29847,5,1.0,1.0,0.0,0.8619647560864865,1
46,77522,14,0.0,0.5781526847663292,1.0,0.5314896881466579,0
3,40389,16,0.0,0.0,0.5692620924421481,0.0,1
6,44096,0,1.0,0.0,1.0,0.0,0
59,48676,9,0.0,0.0,0.6139521967857384,0.0,1
31,31366,4,1.0,0.0,1.0,0.0,0
64,62773,5,1.0,0.0,1.0,0.3738371450016698,0
66,43599,14,0.3614901754911808,0.0,0.0,0.0,1
17,50241,10,0.0,0.0,0.6202421382234372,0.0,1
52,53497,9,1.0,0.8406233851552868,0.0,0.4531636040605758,1
58,34276,7,1.0,0.0,1.0,0.09450765304739081,0
46,68254,11,0.5533768491237899,0.0,1.0,0.0,0
81,55060,4,1.0,0.0,1.0,0.0,0
50,50286,13,0.0,0.0,1.0,0.4462018362894799,0
18,63510,0,0.292148038472571,0.0,0.0,0.810577920330005,0
0,35689,18,0.0,0.0,1.0,0.0,0
39,54583,2,1.0,1.0,0.0,0.790721018540406,1
41,47248,10,0.0,0.0,0.7472462312436802,1.0,0
66,54365,9,1.0,1.0,0.0,0.0,1
21,58436,0,0.6733118437082651,0.0,0.0,0.0,0
49,73584,1,1.0,1.0,0.0,0.0,1
22,59358,1,1.0,0.0,1.0,0.9733659524856143,0
54,53863,8,1.0,0.0,1.0,0.28405657052987027,0
60,31976,12,0.0,0.0,0.0,0.292951833518835,1
29,51021,2,1.0,0.0,0.04525888277610779,0.0,0
-1,51240,0,1.0,0.0,1.0,0.824451800227485,0
50,39153,11,0.6549860715950012,0.0,1.0,0.2080550318240542,0
1,61669,1,1.0,0.0,1.0,0.1260623280034051,0
36,55323,0,0.0,0.0,0.5738858694923413,0.0,0
36,62393,12,0.8563755743385725,0.0,1.0,0.38934239421973693,0
27,-213,8,0.0,0.0,0.0,0.0,0
32,62977,1,1.0,0.0,0.31826906313892867,1.0,0
65,46043,9,1.0,0.2624440269763233,1.0,0.20991553398349078,0
62,55874,6,1.0,0.0,0.5682488766757406,1.0,0
30,44730,3,1.0,1.0,0.0,0.0,1
71,30505,8,1.0,0.0,1.0,0.0,0
24,53702,3,1.0,0.0,1.0,0.0,0
0,75638,6,0.0,0.0,1.0,0.0,1
10,60713,0,0.4624488539119225,0.0,1.0,0.0,0
41,53841,10,0.0,0.0,0.7800651905780217,0.0,0
44,59301,11,0.0,0.0,1.0,0.43566456645700186,0
13,66176,5,1.0,0.0,1.0,0.3717360280120473,0
38,51393,8,1.0,0.0,1.0,0.0,0
44,46080,9,1.0,1.0,0.0,0.0,1
47,39229,9,0.5239198931789235,0.0,1.0,1.0,0
50,76560,9,1.0,1.0,0.0,0.6726257608719525,1
68,52305,13,0.7083492153980636,1.0,0.0,0.0,1
11,87098,0,0.0,0.0,1.0,1.0,0
11,47777,0,0.0,0.0,1.0,0.0,0
17,61301,0,1.0,0.0,0.17474857086002094,0.0,0
96,40153,8,1.0,0.0,1.0,0.0,0
4,21103,11,0.0,0.0,1.0,0.0,1
11,39141,16,0.0,0.0,0.7580181681388162,0.7333482326890381,1
16,73344,8,0.0,0.0,1.0,0.0,1
25,63350,2,0.47998154167787055,0.0,0.8762637827183877,0.0,0
46,68185,5,1.0,1.0,0.0,1.0,1
46,24126,10,1.0,0.0,1.0,0.5983301738078541,0
56,54335,8,0.4887055168987593,0.0,1.0,0.29556060178674576,0
55,42315,10,1.0,1.0,0.0,0.0,1
63,45627,13,1.0,0.1059181339236146,0.0,0.0,1
59,47169,6,1.0,1.0,0.0,1.0,1
43,67977,7,1.0,0.0,1.0,0.19163196206738903,0
51,69514,9,1.0,0.0,1.0,0.4614248329585187,0
21,30730,5,0.0,0.0,1.0,1.0,1
36,40395,4,1.0,0.0,1.0,0.15103290905513567,0
49,43292,12,0.4984235820990066,1.0,0.0,0.0,1
70,54332,12,0.9553210284306171,0.959508974348994,1.0,0.461230493586657,0
-16,39902,6,0.0,0.0,1.0,0.02497126237099896,1
47,37086,5,1.0,0.0,0.3734225510552873,0.0,0
37,36095,5,1.0,1.0,0.0,0.0,1
6,56533,12,0.0,0.0,1.0,0.0,1
12,40289,4,0.0,0.0,1.0,1.0,1
16,58221,0,1.0,0.0,0.8391026363162002,0.0,0
48,64538,8,0.8590679588637341,1.0,0.0,0.8277079982342662,1
1,46460,0,0.06647958156353861,0.0,0.9299478026090816,0.17777813858498556,0
44,38232,11,0.37788744036391675,0.0,1.0,0.0,0
66,51405,12,0.6479359116709641,1.0,0.0,0.0,1
31,31819,3,0.8637773267563851,0.0,1.0,1.0,0
38,58496,6,1.0,1.0,0.0,1.0,1
14,35809,4,1.0,0.0,1.0,0.37703383782801303,0
30,50085,11,0.0,0.0,0.12990905400117603,0.0,1
12,58888,0,1.0,0.0,1.0,0.7288186376596363,0
75,70823,3,1.0,0.0,1.0,0.10525970102333387,0
59,77136,14,0.19119436869477457,0.5919673521224116,0.0,0.0025023003171226327,1
72,50917,6,1.0,0.0,1.0,0.7243545112656794,0
7,72213,6,0.0,0.0,1.0,0.0,1
10,21165,0,0.0,0.0,1.0,0.7111924534215757,0
11,23347,0,0.0,0.0,0.7150557775209412,0.0,0
41,58270,4,1.0,0.0,1.0,0.4837788340027778,0
31,54797,12,0.0,0.0,1.0,0.36176199210385035,0
64,60882,4,1.0,0.0,1.0,0.0,0
-24,9110,13,0.0,0.07392275882821764,1.0,1.0,1
7,60041,2,1.0,0.0,1.0,0.9813839922750334,0
11,59889,0,0.0,0.0,0.0,0.0,0
19,64816,0,0.0,0.0,0.4118623746363699,0.4514695865637963,0
63,47931,9,0.7524717941020374,0.0,1.0,0.6803837384236716,0
27,34784,4,1.0,0.0,1.0,0.8784535729984396,0
25,47314,11,0.0,0.0,1.0,0.9491491616748444,1
14,71627,11,0.0,0.0,1.0,0.0,0
44,34454,14,1.0,0.18437129566038069,0.0,0.09427929361427935,1
34,28505,3,1.0,0.0,0.05070620937961312,0.0,0
23,47910,0,0.0,0.0,0.14762252762660077,0.6572011012960537,0
59,76192,11,1.0,0.5730465388574033,0.0,0.16548939312256028,1
51,27163,10,1.0,0.0,1.0,0.0,0
33,64521,14,0.0,0.0,1.0,0.3610251451427553,0
35,61306,9,1.0,0.0,0.0,0.4986048184872299,1
58,55971,11,1.0,0.0,1.0,0.6122400149069139,0
23,38054,3,1.0,0.0,1.0,0.0,0
63,29084,9,1.0,0.0,1.0,0.0,0
63,31123,14,0.25430052707783224,0.8601775700368974,0.0,1.0,1
53,51763,9,1.0,1.0,0.0,0.25695743818394445,1
-1,24063,0,0.0,0.0,0.3668088930062161,0.0,0
-4,31256,4,0.0,0.0,1.0,0.9742622630864519,1
9,63665,0,0.0,0.0,1.0,0.03647217665420908,0
84,56295,4,1.0,0.0,1.0,0.0,0
45,40141,2,1.0,1.0,0.0,0.0,1
58,53458,11,1.0,0.0,1.0,1.0,0
51,59635,11,1.0,0.0,1.0,0.0,0
41,79446,8,1.0,1.0,0.0,0.151231072166842,1
54,16314,8,1.0,0.0,1.0,1.0,0
48,45605,10,1.0,0.0,1.0,0.41298056552504697,0
51,76512,9,0.0,1.0,0.0,0.48809538137918235,1
17,44360,6,1.0,0.0,1.0,0.0,0
9,47638,0,0.0,0.0,0.8977942672158741,1.0,0
64,30977,11,1.0,0.37415400145829025,0.0,0.7839676512169459,1
34,59990,1,1.0,1.0,0.0,0.3136403674078202,1
51,52300,10,1.0,1.0,0.0,0.0,1
-2,31391,0,1.0,0.0,1.0,0.0,0
96,64849,8,1.0,0.0,1.0,0.0,0
50,57207,0,1.0,1.0,0.0,1.0,1
56,42084,14,1.0,0.0,0.0,0.7030651467411015,1
32,49817,14,0.0,0.0,1.0,0.24937028272765205,0
72,31445,3,1.0,1.0,0.0,0.30695075011252615,1
52,47984,12,0.0,0.3746820779977875,0.0,0.9050665483595475,1
0,52315,13,0.257621584977173,0.0,0.4728931440145172,0.7700224871307078,1
14,52068,15,0.0,0.0,1.0,0.0,0
56,46494,6,1.0,0.0,0.886024959401771,1.0,0
25,54203,11,0.0,0.0,0.4024029281214241,1.0,0
60,38763,5,1.0,0.0,0.243428640213748,0.0,0
22,80633,9,0.0,0.0,0.0,0.2759844929124723,1
70,59155,6,1.0,0.0,1.0,0.0,0
63,59734,9,1.0,0.0,1.0,1.0,0
18,77439,9,1.0,0.0,1.0,0.0,0
22,39802,3,0.0,0.0,0.2638653247838898,0.0,0
9,69266,0,0.0,0.0,1.0,0.0,0
24,66048,0,1.0,0.0,0.8510116623989396,0.6846612305437452,0
14,53615,0,0.0,0.0,0.0,0.7302838193069643,0
13,50293,16,0.0,0.0,1.0,0.0,1
11,44854,0,0.31260802301418855,0.0,0.6455734620580472,0.0,0
48,70572,12,0.7798300608191612,0.0,1.0,0.0,0
47,40658,13,0.0,0.0,1.0,0.6321209472278112,0
67,88124,14,0.11798426680564456,1.0,0.0,1.0,1
60,14138,7,1.0,0.0,1.0,1.0,0
71,27853,11,1.0,0.33551330600164087,1.0,1.0,0
-4,44473,0,0.0,0.0,1.0,0.0,0
48,67508,6,1.0,0.0,0.0,0.0,0
39,34493,10,0.8072059888423115,0.0,1.0,0.5674887211299786,0
48,59113,4,1.0,1.0,0.0,0.0,1
-10,53459,7,0.0,0.0,1.0,0.0,1
49,35292,9,1.0,0.0,1.0,0.7644782203057904,0
29,48475,4,1.0,0.0,1.0,0.0,0
46,45417,11,0.05963019272037351,0.0,0.9787422364002658,0.4350783381858596,0
23,44923,0,1.0,0.0,1.0,1.0,0
45,69535,10,1.0,1.0,0.0,0.0,1
11,33218,0,1.0,0.0,1.0,0.7916542060935255,0
68,33484,11,1.0,0.6000174245576514,0.0,0.6245823093172438,1
11,52618,0,0.35677140551394615,0.0,0.0,0.0,0
64,34593,14,1.0,1.0,0.0,0.0,1
60,39873,9,1.0,0.0,1.0,0.0,0
46,31871,7,0.37213595814420586,0.0,0.6362679631480317,1.0,0
43,58433,14,0.5778908261487902,0.0,1.0,1.0,0
34,41256,16,0.0,0.12696517634115745,1.0,0.9572338077486858,0
44,14175,8,0.21375369584237358,0.0,0.8125009081822633,0.038498485695272235,0
80,36312,6,1.0,0.0,1.0,1.0,0
51,57629,7,0.8802603789558927,0.0,0.8004642009514489,0.0,0
28,53948,9,0.0,0.0,0.0,0.29969555555109145,1
49,52099,9,0.0,0.0,0.34252072930870625,0.2853993767216869,0
57,38280,13,1.0,0.6858953733375177,1.0,0.0,0
53,74033,13,0.0,0.0,1.0,1.0,1
-33,21379,4,0.0,0.0,1.0,0.0,1
31,25706,11,0.0,0.0,1.0,0.0,0
14,79161,10,0.0,0.0,1.0,0.0,1
24,48550,0,1.0,0.0,0.17819193331874028,0.0,0
17,53129,3,1.0,0.0,1.0,0.049324836699559206,0
53,47732,6,0.36653719132729434,0.0,0.03821798858239389,0.6866281919461598,0
29,70889,14,0.0,0.0,1.0,0.0,0
55,31672,10,1.0,0.0,1.0,1.0,0
63,65870,8,0.986605868442117,0.0,0.6478882439166341,0.0,0
16,27408,0,0.7431061487644591,0.0,1.0,0.0,0
52,36541,8,1.0,1.0,0.0,0.2537067194918132,1
34,59018,13,0.0,0.0,1.0,0.0,0
58,33158,9,1.0,0.0,1.0,0.0,0
54,43168,6,1.0,0.0,1.0,1.0,0
41,49459,8,1.0,0.0,1.0,1.0,0
12,63845,0,1.0,0.0,1.0,0.0,0
44,48334,13,0.7708533931007151,0.0,1.0,0.2046684378900604,0
12,67452,0,0.16142286950343587,0.0,1.0,0.0,0
6,44810,5,1.0,0.0,1.0,0.0,0
18,73259,1,1.0,0.0,1.0,0.5140481406864676,0
5,66842,9,0.0,0.0,1.0,0.0,1
53,76431,15,0.0,0.0,0.0,0.0,1
16,25663,0,1.0,0.0,1.0,0.061028583556320855,0
32,42729,4,0.0,0.0,1.0,0.259133655084339,1
24,53644,9,0.0,0.0,1.0,0.0,1
-4,38176,12,0.0,0.0,0.0,0.0,1
21,83137,2,1.0,0.0,0.0,1.0,0
15,45469,8,0.0,0.0,0.8000263237435249,0.9909581870356614,1
23,43676,12,0.0,0.0,1.0,0.0,0
50,63428,4,0.6233213268379996,1.0,0.0,1.0,1
49,33130,13,1.0,0.0,1.0,1.0,0
33,56798,4,1.0,0.0,0.0,0.0,0
8,57263,0,0.0,0.0,1.0,1.0,0
15,53964,0,1.0,0.0,0.7284004707204833,0.0,0
60,71488,8,1.0,0.0,1.0,0.040614086965532745,0
29,44042,14,0.0013207392530010242,0.0,1.0,0.0,0
4,58121,6,0.0,0.0,1.0,0.0,1
21,53305,2,1.0,0.0,1.0,0.0,0
51,65183,7,0.8010958539512094,0.0,0.7800889418080481,1.0,0
6,25265,0,1.0,0.0,1.0,0.22776700140487174,0
44,67099,9,1.0,0.0,1.0,1.0,0
12,51823,0,0.0,0.0,0.0,0.0,0
11,44264,10,0.0,0.0,1.0,0.0,1
12,59916,13,0.0,0.0,0.980921789088339,0.30983759319992266,0
49,44815,13,0.701779089554846,0.0,1.0,0.128628690654427,0
31,27400,0,0.26333625948420347,0.0,0.0,0.0,0
18,50426,11,0.0,0.0,1.0,0.0,1
24,26066,0,0.0,0.0,1.0,0.0,0
22,47751,3,1.0,0.0,1.0,0.0,0
17,67814,9,0.0,0.0,0.1647758180160237,0.0,1
47,46568,0,1.0,1.0,0.0,0.7131723652486122,1
61,59630,9,1.0,0.0,1.0,0.0,0
16,59014,1,0.24222726688056628,0.0,0.9238674341932712,0.0,0
14,75913,0,1.0,0.0,0.9663325710527293,0.0,0
30,41098,2,0.0,0.35942406324629905,1.0,0.09674391293904691,1
31,53263,6,1.0,0.3407104541034145,0.0,0.0,1
59,27689,12,0.0,0.0,0.0,0.0,1
44,13906,13,0.3471737571901712,0.0,1.0,0.0,0
41,26391,6,0.8586159838738299,0.0,0.6123376057472042,0.0,0
32,53631,11,0.0,0.0,1.0,0.0,0
26,44183,0,1.0,0.0,1.0,0.0,0
23,43658,0,0.0,0.0,0.3963576023908437,0.6596522987772498,0
24,51243,0,0.608370242454894,0.0,0.0,0.3596491578821158,0
48,73809,11,1.0,0.0,1.0,0.0,0
48,51640,5,1.0,1.0,0.0,0.0,1
39,24114,9,0.4744461512325584,0.0,0.5537232792598366,0.6119926319144883,0
19,58295,2,0.0,0.0,1.0,0.5375853070438055,0
9,29943,0,0.2961127539187216,0.0,0.6745079045440873,0.0,0
48,67861,9,1.0,0.0,1.0,0.7061285491093263,0
30,52155,12,0.0,0.0,1.0,0.0,0
31,35531,3,1.0,0.0,0.0,0.0,0
54,20073,7,1.0,0.0,0.604101673745033,1.0,0
61,50010,4,1.0,1.0,0.0,1.0,1
9,62680,10,0.0,0.0,1.0,0.0,1
36,48436,13,0.0,0.0,0.19936218831107078,0.0,0
50,53795,12,0.0,0.0,1.0,0.0,1
8,75506,0,1.0,0.0,1.0,0.06835044365313034,0
6,48995,0,0.0,0.0,0.0,0.0,0
55,49081,10,0.0,0.0,1.0,0.0,1
-15,57529,8,0.0,0.0,1.0,1.0,1
66,41093,10,1.0,0.0,1.0,0.0,0
8,56469,4,1.0,0.0,1.0,1.0,0
19,44205,0,0.0,0.0,0.061001183536157244,0.0,0
37,57837,13,0.0,0.0,1.0,0.0,0
57,35520,6,1.0,0.0,1.0,0.1751749493090029,0
54,56936,10,1.0,0.0,1.0,0.0,0
5,33382,9,0.0,0.0,0.4272108344044123,0.0,1
13,65013,0,0.7951067944862891,0.0,0.1061975803605828,0.0,0
14,74512,10,0.0,0.0,0.0,1.0,1
16,60306,0,0.24809365873889133,0.0,1.0,0.9180314686799862,0
38,42998,14,0.0,0.0,1.0,0.4510882125055664,0
9,33652,1,1.0,0.0,1.0,0.0,0
14,66845,0,0.0,0.0,0.0,0.0,0
0,43158,0,1.0,0.0,1.0,0.0,0
76,51397,9,1.0,0.0,1.0,0.6545057527231394,0
-1,75939,9,0.0,0.0,0.7069735265607406,0.9840414529044801,1
67,60942,9,1.0,0.0,1.0,0.0,0
-5,64041,0,1.0,0.0,1.0,1.0,0
13,45126,0,0.0,0.0,0.0,0.0,0
26,20539,2,1.0,0.0,1.0,0.0,0
26,66272,5,1.0,0.0,1.0,0.6589353548536838,0
16,49825,0,0.363628118756508,0.0,0.8180637699674188,0.0,0
56,59989,17,0.06766517899186364,0.0,0.2564973709805929,0.0,1
18,60577,0,1.0,0.0,1.0,0.13617467474782943,0
52,34062,9,0.629693022709503,1.0,0.0,0.1630663438855776,1
56,82034,12,1.0,0.014088747314976446,1.0,0.0,0
20,49775,4,1.0,0.0,1.0,0.0,0
20,33802,0,1.0,0.0,0.4886638571686788,0.8611845377637809,0
27,25230,9,0.0,0.0,1.0,0.39223067555456603,1
39,35805,7,1.0,1.0,0.0,1.0,1
16,43899,8,0.0,0.0,1.0,0.0,1
7,46206,0,0.9667805033748962,0.0,1.0,0.0,0
29,52025,3,0.7657964048674344,0.0,0.5051844728342928,0.0,0
38,38930,14,0.0,0.0,1.0,0.0,0
21,49317,8,0.0,0.0,1.0,0.0,1
56,42315,11,0.6798741651143603,0.0,1.0,0.0,0
57,59602,16,1.0,0.0,0.0,0.0,1
61,35070,8,1.0,0.0,0.8014367211066823,0.24672138869860635,0
1,9864,0,1.0,0.0,0.8342760384863929,0.5216912595809831,0
4,57999,0,0.0,0.0,0.6033333085215418,0.04481819710016778,0
27,62687,10,0.9488601649737067,0.0,0.0,0.0,1
57,54694,8,1.0,1.0,0.0,0.0,1
14,42907,8,1.0,0.0,1.0,0.0,0
71,39540,3,1.0,0.0,0.6256060996685743,0.0,0
51,43239,8,1.0,0.0,1.0,0.5826808130151858,0
87,54796,9,1.0,0.0,1.0,1.0,0
57,66364,11,0.8197867246030545,0.0,1.0,0.0,0
33,37399,11,1.0,0.0,1.0,0.0,0
59,60303,5,1.0,0.0,0.7342863001719764,0.0,0
58,36527,10,0.5177264777079864,0.0,0.9266866594450899,0.9997148032654405,0
52,49469,13,0.7339491896505899,1.0,0.0,1.0,1
13,14110,0,0.4726646340421383,0.0,1.0,1.0,0
46,58143,7,1.0,0.0,1.0,0.0,0
42,30025,9,0.0,0.0,0.5489629539863016,1.0,1
38,64087,7,0.0,0.0,1.0,1.0,1
30,41719,11,0.1688749511764911,0.0,1.0,1.0,0
61,64519,5,1.0,1.0,0.0,0.0,1
38,60925,7,0.48302487588646414,1.0,0.0,0.5886354597962726,1
63,30579,8,1.0,0.0,1.0,0.0,0
43,41628,6,1.0,0.0,1.0,0.0,0
11,28158,3,1.0,0.0,1.0,0.0,0
-3,34156,0,0.0,0.0,1.0,0.02725563236057936,0
12,14469,0,1.0,0.0,1.0,1.0,0
22,38489,0,0.3659898209477972,0.0,0.0,1.0,0
13,64469,0,0.0,0.0,1.0,0.19300819033204694,0
66,61010,8,1.0,0.0,0.9925177447492881,0.0,0
26,36385,3,1.0,0.0,0.4892239876576119,1.0,0
34,77113,4,1.0,0.0,0.3399605541594002,0.0,0
40,39855,9,0.449622097041233,0.0,1.0,0.9665442505206122,0
72,48165,20,1.0,0.0,0.0,0.7033130614575919,1
56,38445,9,1.0,0.0,1.0,0.8781824149703045,0
4,41739,0,0.0,0.0,1.0,0.3066983736594359,0
32,56580,3,1.0,0.0,1.0,0.0,0
27,67257,9,0.0,0.0,1.0,0.0,1
46,35943,12,0.11913277384478382,0.0,1.0,0.0,0
77,35014,9,1.0,0.0,1.0,1.0,0
19,59318,8,0.0,0.0,0.4801574181483306,0.8501865538483758,1
14,22077,0,1.0,0.0,0.6207748890617536,1.0,0
18,39188,3,0.0,0.0,0.0,0.0,1
54,55782,15,0.3051813811424102,0.863670682136199,1.0,0.0,0
33,80040,10,0.0,0.0,1.0,1.0,0
32,30481,9,0.0,0.0,1.0,0.0,1
47,48246,13,1.0,0.0,1.0,0.5287746783588859,0
